magnitude,score
6.699999809265137,-0.4000000059604645
1.7999999523162842,0.8999999761581421
6.800000190734863,0.30000001192092896
9.5,-0.4000000059604645
1.7000000476837158,0.0
6.199999809265137,0.6000000238418579
4.5,0.0
3.799999952316284,0.5
1.2000000476837158,0.20000000298023224
6.400000095367432,0.30000001192092896
